<?xml version="1.0" encoding="UTF-8" standalone="yes"?>
<addon id="script.module.certifi" name="certifi" version="2023.5.7" provider-name="Certifi">
  <extension point="xbmc.python.module" library="lib" />
  <extension point="xbmc.addon.metadata">
    <summary lang="en_GB">Certifi: Python SSL Certificates</summary>
    <description lang="en_GB">Certifi is a carefully curated collection of Root Certificates for validating the trustworthiness of SSL certificates while verifying the identity of TLS hosts. It has been extracted from the Requests project.</description>
    <license>MPL-2.0</license>
    <website>https://github.com/certifi/python-certifi</website>
    <source>https://github.com/certifi/python-certifi</source>
    <assets>
      <icon>resources/icon.png</icon>
    </assets>
  </extension>
</addon>
