<?xml version="1.0" encoding="UTF-8" standalone="yes"?>
<addon id="script.flix.limpo" name="FLIXBOX LIMPO" version="1.0" provider-name="FLIXBOX">
  <requires>
    <import addon="script.module.requests" version="1.0.0" />
  </requires>
  <extension point="xbmc.python.pluginsource" library="default.py">
  </extension>
  <extension point="xbmc.service" library="service.py" start="startup" />
  <extension point="xbmc.addon.metadata">
	<summary>Uma ferramenta utilitária simplificada para Flixbox</summary>
	<description>SEM BLOATWARE, SEM BOBAGENS! APENAS MANTENHA SEU FLIXBOX AFIADO E LIMPO COM ESTA FERRAMENTA UTILITÁRIA... AGORA COM UM ASSISTENTE PERSONALIZADO.</description>
    <language></language>
    <platform>all</platform>
    <assets>
	    <icon>icon.png</icon>
	    <fanart>fanart.png</fanart>
    </assets>
  </extension>
</addon>
