<?xml version="1.0" encoding="UTF-8" standalone="yes"?>
<addon id="repository.flixboxrepo" name="[COLOR lime]Flix[/COLOR][COLOR yellow]box[/COLOR] [COLORcyan]Repo[/COLOR]" version="1.13" provider-name="[COLOR lime]flix[/COLOR][COLOR yellow]box[/COLOR]">
  <requires>
    <import addon="xbmc.addon" version="12.0.0"/>  
  </requires>
  <extension point="xbmc.addon.repository" name="[COLOR red]flixboxrepo [COLOR cyan]Repositorio[/COLOR]">
    <dir>
    <info compressed="true">https://raw.github.com/flixrepo/flixboxrepo.github.io/master/addons.xml</info>
    <checksum>https://raw.github.com/flixrepo/flixboxrepo.github.io/master/addons.xml.md5</checksum>
    <datadir zip="true">https://raw.github.com/flixrepo/flixboxrepo.github.io/master</datadir>
    <hashes>false</hashes>
</dir>
  <dir minversion="19.9.9">
      <info compressed="true">https://raw.github.com/flixrepo/flixboxrepo.github.io/master/omega/addons.xml</info>
      <checksum>https://raw.github.com/flixrepo/flixboxrepo.github.io/master/omega/addons.xml.md5</checksum>
      <datadir zip="true">https://raw.github.com/flixrepo/flixboxrepo.github.io/master/omega</datadir>
      <hashes>false</hashes>
  </dir> 
<dir minversion="19.9.9">
      <info compressed="true">https://raw.github.com/flixrepo/flixboxrepo.github.io/master/nexus/addons.xml</info>
      <checksum>https://raw.github.com/flixrepo/flixboxrepo.github.io/master/nexus/addons.xml.md5</checksum>
      <datadir zip="true">https://raw.github.com/flixrepo/flixboxrepo.github.io/master/nexus</datadir>
      <hashes>false</hashes>
  </dir>  
  <dir minversion="19.0.0">
      <info compressed="true">https://raw.github.com/flixrepo/flixboxrepo.github.io/master/matrix/addons.xml</info>
      <checksum>https://raw.github.com/flixrepo/flixboxrepo.github.io/master/matrix/addons.xml.md5</checksum>
      <datadir zip="true">https://raw.github.com/flixrepo/flixboxrepo.github.io/master/matrix</datadir>
      <hashes>false</hashes>
  </dir>    
  </extension>
  <extension point="xbmc.addon.metadata">
    <summary>repositorio flixboxs</summary>
    <description>repositorio oficial flixboxs- Proibido reproducao sem autorização prévia</description>
    <disclaimer></disclaimer>
    <platform>all</platform>
    <assets>
      <icon>icon.png</icon>
      <fanart>fanart.jpg</fanart>
    </assets>
  </extension>
</addon>
