<?xml version="1.0" encoding="UTF-8" standalone="yes"?>
<addon id="script.module.chardet" name="chardet" version="5.1.0" provider-name="Character Encoding Detector">
  <extension point="xbmc.python.module" library="lib" />
  <extension point="xbmc.addon.metadata">
    <summary lang="en_GB">The Universal Character Encoding Detector</summary>
    <description lang="en_GB">The Universal Character Encoding Detector</description>
    <license>LGPL-2.1</license>
    <platform>all</platform>
    <website>https://chardet.readthedocs.io/</website>
    <source>https://github.com/chardet/chardet</source>
    <assets>
      <icon>resources/icon.png</icon>
    </assets>
  </extension>
</addon>
