<?xml version="1.0" encoding="UTF-8" standalone="yes"?>
<addon id="script.module.requests" name="requests" version="2.31.0" provider-name="Python Software Foundation">
  <requires>
    <import addon="script.module.certifi" version="2023.5.7"/>
    <import addon="script.module.chardet" version="5.1.0"/>
    <import addon="script.module.idna" version="3.4.0"/>
    <import addon="script.module.urllib3" version="1.26.16+matrix.1"/>
  </requires>
  <extension point="xbmc.python.module" library="lib" />
  <extension point="xbmc.addon.metadata">
    <summary lang="en_GB">Requests is an elegant and simple HTTP library for Python, built for human beings.</summary>
    <description lang="en_GB">Requests is an elegant and simple HTTP library for Python, built for human beings.</description>
    <license>Apache-2.0</license>
    <platform>all</platform>
    <website>https://requests.readthedocs.io/</website>
    <source>https://github.com/psf/requests</source>
    <assets>
      <icon>resources/icon.png</icon>
    </assets>
  </extension>
</addon>
