<?xml version="1.0" encoding="UTF-8" standalone="yes"?>
<addon id="script.module.simplejson" name="simplejson" version="3.19.1+matrix.1" provider-name="Bob Ippolito">
  <extension point="xbmc.python.module" library="lib" />
  <extension point="xbmc.addon.metadata">
    <summary lang="en_GB">Simple, fast, extensible JSON encoder/decoder for Python</summary>
    <description lang="en_GB">Simple, fast, extensible JSON encoder/decoder for Python</description>
    <license>MIT</license>
    <platform>all</platform>
    <website>https://github.com/simplejson/simplejson</website>
    <source>https://github.com/simplejson/simplejson</source>
    <assets>
      <icon>resources/icon.png</icon>
    </assets>
  </extension>
</addon>
